{
    "name": "root",
    "gauges": {
        "PlayerAgent.Policy.Entropy.mean": {
            "value": 1.3749377727508545,
            "min": 1.3749377727508545,
            "max": 1.445343017578125,
            "count": 70
        },
        "PlayerAgent.Policy.Entropy.sum": {
            "value": 1341.939208984375,
            "min": 1285.5631103515625,
            "max": 1584.0169677734375,
            "count": 70
        },
        "PlayerAgent.Environment.EpisodeLength.mean": {
            "value": 19.761904761904763,
            "min": 0.0,
            "max": 499.0,
            "count": 69
        },
        "PlayerAgent.Environment.EpisodeLength.sum": {
            "value": 415.0,
            "min": 0.0,
            "max": 2112.0,
            "count": 69
        },
        "PlayerAgent.Step.mean": {
            "value": 69980.0,
            "min": 938.0,
            "max": 69980.0,
            "count": 70
        },
        "PlayerAgent.Step.sum": {
            "value": 69980.0,
            "min": 938.0,
            "max": 69980.0,
            "count": 70
        },
        "PlayerAgent.Policy.ExtrinsicValueEstimate.mean": {
            "value": 35.75699996948242,
            "min": 0.9681379795074463,
            "max": 40.203758239746094,
            "count": 70
        },
        "PlayerAgent.Policy.ExtrinsicValueEstimate.sum": {
            "value": 1287.251953125,
            "min": 89.06869506835938,
            "max": 2192.89892578125,
            "count": 70
        },
        "PlayerAgent.Environment.CumulativeReward.mean": {
            "value": 23.50941394624256,
            "min": 9.98055612951158,
            "max": 218.14440631866455,
            "count": 69
        },
        "PlayerAgent.Environment.CumulativeReward.sum": {
            "value": 493.69769287109375,
            "min": 139.08068656921387,
            "max": 1292.632869720459,
            "count": 69
        },
        "PlayerAgent.Policy.ExtrinsicReward.mean": {
            "value": 23.50941394624256,
            "min": 9.98055612951158,
            "max": 218.14440631866455,
            "count": 69
        },
        "PlayerAgent.Policy.ExtrinsicReward.sum": {
            "value": 493.69769287109375,
            "min": 139.08068656921387,
            "max": 1292.632869720459,
            "count": 69
        },
        "PlayerAgent.IsTraining.mean": {
            "value": 1.0,
            "min": 1.0,
            "max": 1.0,
            "count": 70
        },
        "PlayerAgent.IsTraining.sum": {
            "value": 1.0,
            "min": 1.0,
            "max": 1.0,
            "count": 70
        },
        "PlayerAgent.Losses.PolicyLoss.mean": {
            "value": 0.09975903055358988,
            "min": 0.08747404028933185,
            "max": 0.1160693949398895,
            "count": 33
        },
        "PlayerAgent.Losses.PolicyLoss.sum": {
            "value": 0.09975903055358988,
            "min": 0.08747404028933185,
            "max": 0.1160693949398895,
            "count": 33
        },
        "PlayerAgent.Losses.ValueLoss.mean": {
            "value": 11.525611559549967,
            "min": 0.34235061627502245,
            "max": 53.44479459524155,
            "count": 33
        },
        "PlayerAgent.Losses.ValueLoss.sum": {
            "value": 11.525611559549967,
            "min": 0.34235061627502245,
            "max": 53.44479459524155,
            "count": 33
        },
        "PlayerAgent.Policy.LearningRate.mean": {
            "value": 0.0002588880137039999,
            "min": 0.0002588880137039999,
            "max": 0.00029875380041539994,
            "count": 33
        },
        "PlayerAgent.Policy.LearningRate.sum": {
            "value": 0.0002588880137039999,
            "min": 0.0002588880137039999,
            "max": 0.00029875380041539994,
            "count": 33
        },
        "PlayerAgent.Policy.Epsilon.mean": {
            "value": 0.18629600000000002,
            "min": 0.18629600000000002,
            "max": 0.19958460000000003,
            "count": 33
        },
        "PlayerAgent.Policy.Epsilon.sum": {
            "value": 0.18629600000000002,
            "min": 0.18629600000000002,
            "max": 0.19958460000000003,
            "count": 33
        },
        "PlayerAgent.Policy.Beta.mean": {
            "value": 0.0004328504000000001,
            "min": 0.0004328504000000001,
            "max": 0.0004979645399999998,
            "count": 33
        },
        "PlayerAgent.Policy.Beta.sum": {
            "value": 0.0004328504000000001,
            "min": 0.0004328504000000001,
            "max": 0.0004979645399999998,
            "count": 33
        }
    },
    "metadata": {
        "timer_format_version": "0.1.0",
        "start_time_seconds": "1725735815",
        "python_version": "3.9.16 | packaged by conda-forge | (main, Feb  1 2023, 21:38:11) \n[Clang 14.0.6 ]",
        "command_line_arguments": "/opt/anaconda3/envs/mlagents20/bin/mlagents-learn config/CubeTarget.yaml --run-id=Multiple_CubeTarget_07 --force",
        "mlagents_version": "0.30.0",
        "mlagents_envs_version": "0.30.0",
        "communication_protocol_version": "1.5.0",
        "pytorch_version": "1.11.0",
        "numpy_version": "1.21.2",
        "end_time_seconds": "1725735896"
    },
    "total": 81.750558042,
    "count": 1,
    "self": 0.0038469590000005383,
    "children": {
        "run_training.setup": {
            "total": 0.012508416000000078,
            "count": 1,
            "self": 0.012508416000000078
        },
        "TrainerController.start_learning": {
            "total": 81.73420266699999,
            "count": 1,
            "self": 0.10007852500019965,
            "children": {
                "TrainerController._reset_env": {
                    "total": 8.766563999999999,
                    "count": 1,
                    "self": 8.766563999999999
                },
                "TrainerController.advance": {
                    "total": 72.79222810099978,
                    "count": 17684,
                    "self": 0.09851531399876023,
                    "children": {
                        "env_step": {
                            "total": 63.691986508999946,
                            "count": 17684,
                            "self": 61.20946216500075,
                            "children": {
                                "SubprocessEnvManager._take_step": {
                                    "total": 2.4049754070000677,
                                    "count": 17684,
                                    "self": 0.22688419100007984,
                                    "children": {
                                        "TorchPolicy.evaluate": {
                                            "total": 2.178091215999988,
                                            "count": 17684,
                                            "self": 2.178091215999988
                                        }
                                    }
                                },
                                "workers": {
                                    "total": 0.07754893699912735,
                                    "count": 17683,
                                    "self": 0.0,
                                    "children": {
                                        "worker_root": {
                                            "total": 69.77800486800032,
                                            "count": 17683,
                                            "is_parallel": true,
                                            "self": 16.52023630200032,
                                            "children": {
                                                "steps_from_proto": {
                                                    "total": 0.00043612500000023147,
                                                    "count": 1,
                                                    "is_parallel": true,