{
    "name": "root",
    "gauges": {
        "PlayerAgent.Policy.Entropy.mean": {
            "value": 1.4248987436294556,
            "min": 1.4171351194381714,
            "max": 1.4248987436294556,
            "count": 16
        },
        "PlayerAgent.Policy.Entropy.sum": {
            "value": 1367.90283203125,
            "min": 1360.565185546875,
            "max": 1458.9439697265625,
            "count": 16
        },
        "PlayerAgent.Step.mean": {
            "value": 15936.0,
            "min": 960.0,
            "max": 15936.0,
            "count": 16
        },
        "PlayerAgent.Step.sum": {
            "value": 15936.0,
            "min": 960.0,
            "max": 15936.0,
            "count": 16
        },
        "PlayerAgent.Policy.ExtrinsicValueEstimate.mean": {
            "value": -1.7337936162948608,
            "min": -4.496037483215332,
            "max": -1.7337936162948608,
            "count": 16
        },
        "PlayerAgent.Policy.ExtrinsicValueEstimate.sum": {
            "value": -26.00690460205078,
            "min": -71.93659973144531,
            "max": -26.00690460205078,
            "count": 16
        },
        "PlayerAgent.IsTraining.mean": {
            "value": 1.0,
            "min": 1.0,
            "max": 1.0,
            "count": 16
        },
        "PlayerAgent.IsTraining.sum": {
            "value": 1.0,
            "min": 1.0,
            "max": 1.0,
            "count": 16
        },
        "PlayerAgent.Losses.PolicyLoss.mean": {
            "value": 0.10080201806255965,
            "min": 0.08666060926072826,
            "max": 0.11090816187230174,
            "count": 7
        },
        "PlayerAgent.Losses.PolicyLoss.sum": {
            "value": 0.10080201806255965,
            "min": 0.08666060926072826,
            "max": 0.11090816187230174,
            "count": 7
        },
        "PlayerAgent.Losses.ValueLoss.mean": {
            "value": 0.01051816547929187,
            "min": 0.01051816547929187,
            "max": 0.04878824083793043,
            "count": 7
        },
        "PlayerAgent.Losses.ValueLoss.sum": {
            "value": 0.01051816547929187,
            "min": 0.01051816547929187,
            "max": 0.04878824083793043,
            "count": 7
        },
        "PlayerAgent.Policy.LearningRate.mean": {
            "value": 0.0002911296029568,
            "min": 0.0002911296029568,
            "max": 0.0002987328004224001,
            "count": 7
        },
        "PlayerAgent.Policy.LearningRate.sum": {
            "value": 0.0002911296029568,
            "min": 0.0002911296029568,
            "max": 0.0002987328004224001,
            "count": 7
        },
        "PlayerAgent.Policy.Epsilon.mean": {
            "value": 0.1970432,
            "min": 0.1970432,
            "max": 0.19957760000000005,
            "count": 7
        },
        "PlayerAgent.Policy.Epsilon.sum": {
            "value": 0.1970432,
            "min": 0.1970432,
            "max": 0.19957760000000005,
            "count": 7
        },
        "PlayerAgent.Policy.Beta.mean": {
            "value": 0.00048551168000000004,
            "min": 0.00048551168000000004,
            "max": 0.0004979302399999999,
            "count": 7
        },
        "PlayerAgent.Policy.Beta.sum": {
            "value": 0.00048551168000000004,
            "min": 0.00048551168000000004,
            "max": 0.0004979302399999999,
            "count": 7
        }
    },
    "metadata": {
        "timer_format_version": "0.1.0",
        "start_time_seconds": "1725711766",
        "python_version": "3.9.16 | packaged by conda-forge | (main, Feb  1 2023, 21:38:11) \n[Clang 14.0.6 ]",
        "command_line_arguments": "/opt/anaconda3/envs/mlagents20/bin/mlagents-learn config/CubeTarget.yaml --run-id=CubeTarget_02",
        "mlagents_version": "0.30.0",
        "mlagents_envs_version": "0.30.0",
        "communication_protocol_version": "1.5.0",
        "pytorch_version": "1.11.0",
        "numpy_version": "1.21.2",
        "end_time_seconds": "1725711921"
    },
    "total": 155.538676958,
    "count": 1,
    "self": 0.0025302909999993517,
    "children": {
        "run_training.setup": {
            "total": 0.015499374999999982,
            "count": 1,
            "self": 0.015499374999999982
        },
        "TrainerController.start_learning": {
            "total": 155.520647292,
            "count": 1,
            "self": 0.08812547599941922,
            "children": {
                "TrainerController._reset_env": {
                    "total": 7.012328459,
                    "count": 1,
                    "self": 7.012328459
                },
                "TrainerController.advance": {
                    "total": 148.37390973200058,
                    "count": 16351,
                    "self": 0.09178246700085424,
                    "children": {
                        "env_step": {
                            "total": 146.30074161599956,
                            "count": 16351,
                            "self": 144.06569335299895,
                            "children": {
                                "SubprocessEnvManager._take_step": {
                                    "total": 2.162330954000412,
                                    "count": 16351,
                                    "self": 0.20758029700074054,
                                    "children": {
                                        "TorchPolicy.evaluate": {
                                            "total": 1.9547506569996713,
                                            "count": 16351,
                                            "self": 1.9547506569996713
                                        }
                                    }
                                },
                                "workers": {
                                    "total": 0.0727173090001978,
                                    "count": 16350,
                                    "self": 0.0,
                                    "children": {
                                        "worker_root": {
                                            "total": 89.8413981680004,
                                            "count": 16350,
                                            "is_parallel": true,
                                            "self": 8.313147875999775,
                                            "children": {
                                                "steps_from_proto": {
                                                    "total": 0.0007020839999993811,
                                                    "count": 1,
                                                    "is_parallel": true,
                                                    "self": 0.0002802929999994319,
                                                    "children": {
                                                        "_process_rank_one_or_two_observation": {
                                                            "total": 0.0004217909999999492,
                                                            "count": 2,
                                                            "is_parallel": true,
                                                            "self": 0.0004217909999999492
                                                        }
                                                    }
                                                },
                                                "UnityEnvironment.step": {
                                                    "total": 81.52754820800062,
                                                    "count": 16350,
                                                    "is_parallel": true,
                                                    "self": 0.28823245700037603,